mass, px, py, pz, sx, sy, sz, radius, color
2000, 683.0, 384.0, 0, 0, 0, 0, 7, #ff0000ff
0.1, 683.0, 484.0, 0, 5.163977794943222, 0, 0, 1, #000000ff
0.1, 683.0, 584.0, 0, 3.651483716701107, 0, 0, 1, #000000ff
0.1, 683.0, 684.0, 0, 2.98142396999972, 0, 0, 1, #000000ff
